{"total_energy":5.277345262665758,"power_avg":0.02807098543971148,"duration":1.88}