{"total_energy":5.555430593090062,"power_avg":0.027232502907304224,"duration":2.04}