{"total_energy":6.616575803918853,"power_avg":0.026572593590035557,"duration":2.49}