{"total_energy":5.804796220328819,"power_avg":0.02712521598284495,"duration":2.14}