{"total_energy":3.8178675274848937,"power_avg":1.9089337637424468,"duration":2}