{"total_energy":3.800734850883484,"power_avg":1.900367425441742,"duration":2}