{"total_energy":5.432844171421534,"power_avg":0.02800435139908007,"duration":1.94}