{"total_energy":6.054010470633521,"power_avg":0.027148029016293818,"duration":2.23}