{"total_energy":5.705151751859198,"power_avg":0.028243325504253455,"duration":2.02}