{"total_energy":6.046204722876554,"power_avg":0.027991688531835895,"duration":2.16}