{"total_energy":6.163362343161118,"power_avg":0.026681222264766748,"duration":2.31}