{"total_energy":6.185817961111082,"power_avg":0.02725029938815455,"duration":2.27}