{"total_energy":6.1486642024564855,"power_avg":0.026967825449370552,"duration":2.28}