{"total_energy":6.155057345380792,"power_avg":0.027234767014959256,"duration":2.26}