{"total_energy":6.291101723873626,"power_avg":0.026770645633504793,"duration":2.35}