{"total_energy":6.337047125766286,"power_avg":0.02651484153040287,"duration":2.39}