{"total_energy":6.0043748260545815,"power_avg":0.027417236648651058,"duration":2.19}