{"total_energy":6.176594088859569,"power_avg":0.026972026588906416,"duration":2.29}