{"total_energy":5.8948062668371275,"power_avg":0.02754582367680901,"duration":2.14}