{"total_energy":6.512777129051692,"power_avg":0.026367518741099966,"duration":2.47}