{"total_energy":4.930768379240042,"power_avg":0.03043684184716075,"duration":1.62}