{"total_energy":5.763604521036156,"power_avg":0.02811514400505442,"duration":2.05}