{"total_energy":5.509669712727074,"power_avg":0.02854751146490712,"duration":1.93}