{"total_energy":5.542611811695105,"power_avg":0.027575183142761715,"duration":2.01}