{"total_energy":5.692895429375176,"power_avg":0.027635414705704738,"duration":2.06}