{"total_energy":5.573679119932657,"power_avg":0.028582969845808496,"duration":1.95}