{"total_energy":5.0575217404651704,"power_avg":0.029066216899225117,"duration":1.74}