{"total_energy":5.550686881887916,"power_avg":0.028176075542578255,"duration":1.97}