{"total_energy":6.789454337663661,"power_avg":0.026013235010205596,"duration":2.61}