{"total_energy":6.236189046294702,"power_avg":0.025984121026227925,"duration":2.4}