{"total_energy":5.988682858901032,"power_avg":0.02759761686129508,"duration":2.17}