{"total_energy":5.824265589187154,"power_avg":0.027216194341996045,"duration":2.14}