{"total_energy":5.878854319555768,"power_avg":0.02799454437883699,"duration":2.1}