{"total_energy":5.711062993485939,"power_avg":0.026938976384367635,"duration":2.12}