{"total_energy":5.319606962380414,"power_avg":0.028447096055510233,"duration":1.87}