{"total_energy":5.989323285191066,"power_avg":0.027600568134521043,"duration":2.17}