{"total_energy":6.056032014739523,"power_avg":0.02727942348981767,"duration":2.22}