{"total_energy":6.051349426414976,"power_avg":0.027631732540707655,"duration":2.19}