{"total_energy":6.32082586630107,"power_avg":0.02712800800987584,"duration":2.33}