{"total_energy":5.779143042967326,"power_avg":0.02765140211946089,"duration":2.09}