{"total_energy":6.356360867817413,"power_avg":0.02648483694923922,"duration":2.4}