{"total_energy":5.314472814998632,"power_avg":0.02782446499999284,"duration":1.91}