{"total_energy":5.625135333504689,"power_avg":0.028125676667523445,"duration":2}