{"total_energy":5.177892881259927,"power_avg":0.028449960886043554,"duration":1.82}