{"total_energy":5.29244781915665,"power_avg":0.02940248788420361,"duration":1.8}