{"total_energy":6.553783724436772,"power_avg":0.026110692129230166,"duration":2.51}