{"total_energy":6.246875989737523,"power_avg":0.026247378108140852,"duration":2.38}