{"total_energy":5.691134941911702,"power_avg":0.029185307394418988,"duration":1.95}