{"total_energy":5.152070946938997,"power_avg":0.02846448036982871,"duration":1.81}