{"total_energy":8.817573095080878,"power_avg":0.02345099227415127,"duration":3.76}