{"total_energy":6.06025651669503,"power_avg":0.027672404185822053,"duration":2.19}