{"total_energy":6.59142911435128,"power_avg":0.026156464739489207,"duration":2.52}