{"total_energy":6.165185523300176,"power_avg":0.027040287382895507,"duration":2.28}